ants1000000.png,-97.05205169863444
ants1000001.png,-97.05205169863444
ants1000002.png,-97.05205169863444
ants1000003.png,-97.05205169863444
ants1000100.png,-88.31795586363407
ants1000101.png,-88.31795586363407
ants1000102.png,-88.31795586363407
ants1000103.png,-88.31795586363407
ants1000200.png,-76.04501022047013
ants1000201.png,-76.04501022047013
ants1000202.png,-76.04501022047013
ants1000203.png,-76.04501022047013
ants1000300.png,-75.74793918685471
ants1000301.png,-75.74793918685471
ants1000302.png,-75.74793918685471
ants1000303.png,-75.74793918685471
ants1000400.png,-92.6637740041153
ants1000401.png,-92.6637740041153
ants1000402.png,-92.6637740041153
ants1000403.png,-92.6637740041153
ants1000500.png,-94.78650761755505
ants1000501.png,-94.78650761755505
ants1000502.png,-94.78650761755505
ants1000503.png,-94.78650761755505
ants1000600.png,-95.44852539140628
ants1000601.png,-95.44852539140628
ants1000602.png,-95.44852539140628
ants1000603.png,-95.44852539140628
ants1000700.png,-86.5708561226342
ants1000701.png,-86.5708561226342
ants1000702.png,-86.5708561226342
ants1000703.png,-86.5708561226342
ants1000800.png,-76.7529265389241
ants1000801.png,-76.7529265389241
ants1000802.png,-76.7529265389241
ants1000803.png,-76.7529265389241
ants1000900.png,-67.98124730718189
ants1000901.png,-67.98124730718189
ants1000902.png,-67.98124730718189
ants1000903.png,-67.98124730718189
ants1001000.png,-66.44915559840223
ants1001001.png,-66.44915559840223
ants1001002.png,-66.44915559840223
ants1001003.png,-66.44915559840223
ants1001100.png,-70.6429232182698
ants1001101.png,-70.6429232182698
ants1001102.png,-70.6429232182698
ants1001103.png,-70.6429232182698
ants1001200.png,-70.84700525696769
ants1001201.png,-70.84700525696769
ants1001202.png,-70.84700525696769
ants1001203.png,-70.84700525696769
ants1001300.png,-61.620506771874645
ants1001301.png,-61.620506771874645
ants1001302.png,-61.620506771874645
ants1001303.png,-61.620506771874645
ants1001400.png,-62.690079604530624
ants1001401.png,-62.690079604530624
ants1001402.png,-62.690079604530624
ants1001403.png,-62.690079604530624
ants1001500.png,-62.91306399721807
ants1001501.png,-62.91306399721807
ants1001502.png,-62.91306399721807
ants1001503.png,-62.91306399721807
ants1001600.png,-65.03980668016206
ants1001601.png,-65.03980668016206
ants1001602.png,-65.03980668016206
ants1001603.png,-65.03980668016206
ants1001700.png,-65.12428516850267
ants1001701.png,-65.12428516850267
ants1001702.png,-65.12428516850267
ants1001703.png,-65.12428516850267
ants1001800.png,-74.78158306108176
ants1001801.png,-74.78158306108176
ants1001802.png,-74.78158306108176
ants1001803.png,-74.78158306108176
ants1001900.png,-84.21606048117077
ants1001901.png,-84.21606048117077
ants1001902.png,-84.21606048117077
ants1001903.png,-84.21606048117077
ants1002000.png,-94.07487314996521
ants1002001.png,-94.07487314996521
ants1002002.png,-94.07487314996521
ants1002003.png,-94.07487314996521
ants1002100.png,-87.13881895548866
ants1002101.png,-87.13881895548866
ants1002102.png,-87.13881895548866
ants1002103.png,-87.13881895548866
ants1002200.png,-84.81008292622023
ants1002201.png,-84.81008292622023
ants1002202.png,-84.81008292622023
ants1002203.png,-84.81008292622023
ants1002300.png,-72.57303713084238
ants1002301.png,-72.57303713084238
ants1002302.png,-72.57303713084238
ants1002303.png,-72.57303713084238
ants1002400.png,-64.65067056697202
ants1002401.png,-64.65067056697202
ants1002402.png,-64.65067056697202
ants1002403.png,-64.65067056697202
ants1002500.png,-60.63114056538265
ants1002501.png,-60.63114056538265
ants1002502.png,-60.63114056538265
ants1002503.png,-60.63114056538265
ants1002600.png,-45.35779580391481
ants1002601.png,-45.35779580391481
ants1002602.png,-45.35779580391481
ants1002603.png,-45.35779580391481
ants1002700.png,-39.07929236868007
ants1002701.png,-39.07929236868007
ants1002702.png,-39.07929236868007
ants1002703.png,-39.07929236868007
ants1002800.png,-25.25446786738475
ants1002801.png,-25.25446786738475
ants1002802.png,-25.25446786738475
ants1002803.png,-25.25446786738475
ants1002900.png,-20.475887001622755
ants1002901.png,-20.475887001622755
ants1002902.png,-20.475887001622755
ants1002903.png,-20.475887001622755
ants1003000.png,-24.519511405930242
ants1003001.png,-24.519511405930242
ants1003002.png,-24.519511405930242
ants1003003.png,-24.519511405930242
ants1003100.png,-39.80763235103832
ants1003101.png,-39.80763235103832
ants1003102.png,-39.80763235103832
ants1003103.png,-39.80763235103832
ants1003200.png,-51.232391723509686
ants1003201.png,-51.232391723509686
ants1003202.png,-51.232391723509686
ants1003203.png,-51.232391723509686
ants1003300.png,-36.16919283172685
ants1003301.png,-36.16919283172685
ants1003302.png,-36.16919283172685
ants1003303.png,-36.16919283172685
ants1003400.png,-35.03681963792885
ants1003401.png,-35.03681963792885
ants1003402.png,-35.03681963792885
ants1003403.png,-35.03681963792885
ants1003500.png,-24.64749132926069
ants1003501.png,-24.64749132926069
ants1003502.png,-24.64749132926069
ants1003503.png,-24.64749132926069
ants1003600.png,-15.634165475130274
ants1003601.png,-15.634165475130274
ants1003602.png,-15.634165475130274
ants1003603.png,-15.634165475130274
ants1003700.png,-10.51288625099532
ants1003701.png,-10.51288625099532
ants1003702.png,-10.51288625099532
ants1003703.png,-10.51288625099532
ants1003800.png,-5.936003652445388
ants1003801.png,-5.936003652445388
ants1003802.png,-5.936003652445388
ants1003803.png,-5.936003652445388
ants1003900.png,6.5080350939268605
ants1003901.png,6.5080350939268605
ants1003902.png,6.5080350939268605
ants1003903.png,6.5080350939268605
ants1004000.png,25.15165398110309
ants1004001.png,25.15165398110309
ants1004002.png,25.15165398110309
ants1004003.png,25.15165398110309
ants1004100.png,48.401648010280525
ants1004101.png,48.401648010280525
ants1004102.png,48.401648010280525
ants1004103.png,48.401648010280525
ants1004200.png,70.60929985245163
ants1004201.png,70.60929985245163
ants1004202.png,70.60929985245163
ants1004203.png,70.60929985245163
ants1004300.png,75.38757704141462
ants1004301.png,75.38757704141462
ants1004302.png,75.38757704141462
ants1004303.png,75.38757704141462
ants1004400.png,96.16762323383456
ants1004401.png,96.16762323383456
ants1004402.png,96.16762323383456
ants1004403.png,96.16762323383456
ants1004500.png,90.09763794958403
ants1004501.png,90.09763794958403
ants1004502.png,90.09763794958403
ants1004503.png,90.09763794958403
ants1004600.png,95.30753282996646
ants1004601.png,95.30753282996646
ants1004602.png,95.30753282996646
ants1004603.png,95.30753282996646
ants1004700.png,92.29339903089544
ants1004701.png,92.29339903089544
ants1004702.png,92.29339903089544
ants1004703.png,92.29339903089544
ants1004800.png,102.19772264409838
ants1004801.png,102.19772264409838
ants1004802.png,102.19772264409838
ants1004803.png,102.19772264409838
ants1004900.png,104.38984387173615
ants1004901.png,104.38984387173615
ants1004902.png,104.38984387173615
ants1004903.png,104.38984387173615
ants1005000.png,113.02043569034909
ants1005001.png,113.02043569034909
ants1005002.png,113.02043569034909
ants1005003.png,113.02043569034909
ants1005100.png,120.13903209161137
ants1005101.png,120.13903209161137
ants1005102.png,120.13903209161137
ants1005103.png,120.13903209161137
ants1005200.png,112.5155064101583
ants1005201.png,112.5155064101583
ants1005202.png,112.5155064101583
ants1005203.png,112.5155064101583
ants1005300.png,115.0673232573547
ants1005301.png,115.0673232573547
ants1005302.png,115.0673232573547
ants1005303.png,115.0673232573547
ants1005400.png,92.29187027841678
ants1005401.png,92.29187027841678
ants1005402.png,92.29187027841678
ants1005403.png,92.29187027841678
ants1005500.png,89.27271484499941
ants1005501.png,89.27271484499941
ants1005502.png,89.27271484499941
ants1005503.png,89.27271484499941
ants1005600.png,90.0
ants1005601.png,90.0
ants1005602.png,90.0
ants1005603.png,90.0
ants1005700.png,88.04558877747253
ants1005701.png,88.04558877747253
ants1005702.png,88.04558877747253
ants1005703.png,88.04558877747253
ants1005800.png,90.38470569412064
ants1005801.png,90.38470569412064
ants1005802.png,90.38470569412064
ants1005803.png,90.38470569412064
ants1005900.png,91.43053219080747
ants1005901.png,91.43053219080747
ants1005902.png,91.43053219080747
ants1005903.png,91.43053219080747
ants1006000.png,91.49505551274615
ants1006001.png,91.49505551274615
ants1006002.png,91.49505551274615
ants1006003.png,91.49505551274615
ants1006100.png,92.20401550583104
ants1006101.png,92.20401550583104
ants1006102.png,92.20401550583104
ants1006103.png,92.20401550583104
ants1006200.png,95.71241778574316
ants1006201.png,95.71241778574316
ants1006202.png,95.71241778574316
ants1006203.png,95.71241778574316
ants1006300.png,102.36172901145983
ants1006301.png,102.36172901145983
ants1006302.png,102.36172901145983
ants1006303.png,102.36172901145983
ants1006400.png,104.34455858802917
ants1006401.png,104.34455858802917
ants1006402.png,104.34455858802917
ants1006403.png,104.34455858802917
ants1006500.png,116.82661106378413
ants1006501.png,116.82661106378413
ants1006502.png,116.82661106378413
ants1006503.png,116.82661106378413
ants1006600.png,121.66234416672496
ants1006601.png,121.66234416672496
ants1006602.png,121.66234416672496
ants1006603.png,121.66234416672496
ants1006700.png,122.57430108342682
ants1006701.png,122.57430108342682
ants1006702.png,122.57430108342682
ants1006703.png,122.57430108342682
ants1006800.png,123.31343920341517
ants1006801.png,123.31343920341517
ants1006802.png,123.31343920341517
ants1006803.png,123.31343920341517
ants1006900.png,127.14143959152842
ants1006901.png,127.14143959152842
ants1006902.png,127.14143959152842
ants1006903.png,127.14143959152842
ants1007000.png,114.77658008894396
ants1007001.png,114.77658008894396
ants1007002.png,114.77658008894396
ants1007003.png,114.77658008894396
ants1007100.png,116.36323863198074
ants1007101.png,116.36323863198074
ants1007102.png,116.36323863198074
ants1007103.png,116.36323863198074
ants1007200.png,104.75029757396699
ants1007201.png,104.75029757396699
ants1007202.png,104.75029757396699
ants1007203.png,104.75029757396699
ants1007300.png,102.86483289458248
ants1007301.png,102.86483289458248
ants1007302.png,102.86483289458248
ants1007303.png,102.86483289458248
ants1007400.png,99.61564600512106
ants1007401.png,99.61564600512106
ants1007402.png,99.61564600512106
ants1007403.png,99.61564600512106
ants1007500.png,119.08107061643534
ants1007501.png,119.08107061643534
ants1007502.png,119.08107061643534
ants1007503.png,119.08107061643534
ants1007600.png,116.24566998752799
ants1007601.png,116.24566998752799
ants1007602.png,116.24566998752799
ants1007603.png,116.24566998752799
ants1007700.png,117.64164607466923
ants1007701.png,117.64164607466923
ants1007702.png,117.64164607466923
ants1007703.png,117.64164607466923
ants1007800.png,113.53274890686487
ants1007801.png,113.53274890686487
ants1007802.png,113.53274890686487
ants1007803.png,113.53274890686487
ants1007900.png,125.84267297201556
ants1007901.png,125.84267297201556
ants1007902.png,125.84267297201556
ants1007903.png,125.84267297201556
ants1008000.png,123.24356659345347
ants1008001.png,123.24356659345347
ants1008002.png,123.24356659345347
ants1008003.png,123.24356659345347
ants1008100.png,121.50785256124686
ants1008101.png,121.50785256124686
ants1008102.png,121.50785256124686
ants1008103.png,121.50785256124686
ants1008200.png,93.37003810414544
ants1008201.png,93.37003810414544
ants1008202.png,93.37003810414544
ants1008203.png,93.37003810414544
ants1008300.png,85.64920414217633
ants1008301.png,85.64920414217633
ants1008302.png,85.64920414217633
ants1008303.png,85.64920414217633
ants1008400.png,73.00917670801392
ants1008401.png,73.00917670801392
ants1008402.png,73.00917670801392
ants1008403.png,73.00917670801392
ants1008500.png,59.4383277927931
ants1008501.png,59.4383277927931
ants1008502.png,59.4383277927931
ants1008503.png,59.4383277927931
ants1008600.png,50.363639053555595
ants1008601.png,50.363639053555595
ants1008602.png,50.363639053555595
ants1008603.png,50.363639053555595
ants1008700.png,30.77875491028983
ants1008701.png,30.77875491028983
ants1008702.png,30.77875491028983
ants1008703.png,30.77875491028983
ants1008800.png,15.981686461930202
ants1008801.png,15.981686461930202
ants1008802.png,15.981686461930202
ants1008803.png,15.981686461930202
ants1008900.png,-14.208874385113274
ants1008901.png,-14.208874385113274
ants1008902.png,-14.208874385113274
ants1008903.png,-14.208874385113274
ants1009000.png,-33.9646458369651
ants1009001.png,-33.9646458369651
ants1009002.png,-33.9646458369651
ants1009003.png,-33.9646458369651
ants1009100.png,-45.97140699241801
ants1009101.png,-45.97140699241801
ants1009102.png,-45.97140699241801
ants1009103.png,-45.97140699241801
ants1009200.png,-39.559941610023145
ants1009201.png,-39.559941610023145
ants1009202.png,-39.559941610023145
ants1009203.png,-39.559941610023145
ants1009300.png,-37.63375192665734
ants1009301.png,-37.63375192665734
ants1009302.png,-37.63375192665734
ants1009303.png,-37.63375192665734
ants1009400.png,-48.13388225748047
ants1009401.png,-48.13388225748047
ants1009402.png,-48.13388225748047
ants1009403.png,-48.13388225748047
ants1009500.png,-59.99970055054904
ants1009501.png,-59.99970055054904
ants1009502.png,-59.99970055054904
ants1009503.png,-59.99970055054904
ants1009600.png,-55.46698081463963
ants1009601.png,-55.46698081463963
ants1009602.png,-55.46698081463963
ants1009603.png,-55.46698081463963
ants1009700.png,-56.63977322947134
ants1009701.png,-56.63977322947134
ants1009702.png,-56.63977322947134
ants1009703.png,-56.63977322947134
ants1009800.png,-61.06484374890578
ants1009801.png,-61.06484374890578
ants1009802.png,-61.06484374890578
ants1009803.png,-61.06484374890578
ants1009900.png,-61.55407410740787
ants1009901.png,-61.55407410740787
ants1009902.png,-61.55407410740787
ants1009903.png,-61.55407410740787
ants1010000.png,-84.6452147324698
ants1010001.png,-84.6452147324698
ants1010002.png,-84.6452147324698
ants1010003.png,-84.6452147324698
ants1010100.png,-91.99023815651637
ants1010101.png,-91.99023815651637
ants1010102.png,-91.99023815651637
ants1010103.png,-91.99023815651637
ants1010200.png,-101.14501502170654
ants1010201.png,-101.14501502170654
ants1010202.png,-101.14501502170654
ants1010203.png,-101.14501502170654
ants1010300.png,-103.87551785508927
ants1010301.png,-103.87551785508927
ants1010302.png,-103.87551785508927
ants1010303.png,-103.87551785508927
ants1010400.png,-119.93412494405788
ants1010401.png,-119.93412494405788
ants1010402.png,-119.93412494405788
ants1010403.png,-119.93412494405788
ants1010500.png,-127.93201327345206
ants1010501.png,-127.93201327345206
ants1010502.png,-127.93201327345206
ants1010503.png,-127.93201327345206
ants1010600.png,-134.03463304160675
ants1010601.png,-134.03463304160675
ants1010602.png,-134.03463304160675
ants1010603.png,-134.03463304160675
ants1010700.png,-134.5038674136006
ants1010701.png,-134.5038674136006
ants1010702.png,-134.5038674136006
ants1010703.png,-134.5038674136006
ants1010800.png,-136.66773586979983
ants1010801.png,-136.66773586979983
ants1010802.png,-136.66773586979983
ants1010803.png,-136.66773586979983
ants1010900.png,-133.33226413020026
ants1010901.png,-133.33226413020026
ants1010902.png,-133.33226413020026
ants1010903.png,-133.33226413020026
ants1011000.png,-129.51916042242416
ants1011001.png,-129.51916042242416
ants1011002.png,-129.51916042242416
ants1011003.png,-129.51916042242416
ants1011100.png,-138.0959560557533
ants1011101.png,-138.0959560557533
ants1011102.png,-138.0959560557533
ants1011103.png,-138.0959560557533
ants1011200.png,-140.35508887711566
ants1011201.png,-140.35508887711566
ants1011202.png,-140.35508887711566
ants1011203.png,-140.35508887711566
ants1011300.png,-150.13228372792943
ants1011301.png,-150.13228372792943
ants1011302.png,-150.13228372792943
ants1011303.png,-150.13228372792943
ants1011400.png,-158.12414419593554
ants1011401.png,-158.12414419593554
ants1011402.png,-158.12414419593554
ants1011403.png,-158.12414419593554
ants1011500.png,-153.83145307805515
ants1011501.png,-153.83145307805515
ants1011502.png,-153.83145307805515
ants1011503.png,-153.83145307805515
ants1011600.png,-137.03728336906929
ants1011601.png,-137.03728336906929
ants1011602.png,-137.03728336906929
ants1011603.png,-137.03728336906929
ants1011700.png,-128.38723286271045
ants1011701.png,-128.38723286271045
ants1011702.png,-128.38723286271045
ants1011703.png,-128.38723286271045
ants1011800.png,-134.73018157509068
ants1011801.png,-134.73018157509068
ants1011802.png,-134.73018157509068
ants1011803.png,-134.73018157509068
ants1011900.png,-138.24450485850434
ants1011901.png,-138.24450485850434
ants1011902.png,-138.24450485850434
ants1011903.png,-138.24450485850434
ants1012000.png,-144.78519607824816
ants1012001.png,-144.78519607824816
ants1012002.png,-144.78519607824816
ants1012003.png,-144.78519607824816
ants1012100.png,-148.23405991526948
ants1012101.png,-148.23405991526948
ants1012102.png,-148.23405991526948
ants1012103.png,-148.23405991526948
ants1012200.png,-170.0747771830151
ants1012201.png,-170.0747771830151
ants1012202.png,-170.0747771830151
ants1012203.png,-170.0747771830151
ants1012300.png,179.4002872203119
ants1012301.png,179.4002872203119
ants1012302.png,179.4002872203119
ants1012303.png,179.4002872203119
ants1012400.png,-178.35773857132787
ants1012401.png,-178.35773857132787
ants1012402.png,-178.35773857132787
ants1012403.png,-178.35773857132787
ants1012500.png,178.46830174392076
ants1012501.png,178.46830174392076
ants1012502.png,178.46830174392076
ants1012503.png,178.46830174392076
ants1012600.png,168.61385265464665
ants1012601.png,168.61385265464665
ants1012602.png,168.61385265464665
ants1012603.png,168.61385265464665
ants1012700.png,168.14813993184808
ants1012701.png,168.14813993184808
ants1012702.png,168.14813993184808
ants1012703.png,168.14813993184808
ants1012800.png,152.7211142933311
ants1012801.png,152.7211142933311
ants1012802.png,152.7211142933311
ants1012803.png,152.7211142933311
ants1012900.png,134.30477036374353
ants1012901.png,134.30477036374353
ants1012902.png,134.30477036374353
ants1012903.png,134.30477036374353
ants1013000.png,147.84597643362363
ants1013001.png,147.84597643362363
ants1013002.png,147.84597643362363
ants1013003.png,147.84597643362363
ants1013100.png,140.4433349544573
ants1013101.png,140.4433349544573
ants1013102.png,140.4433349544573
ants1013103.png,140.4433349544573
ants1013200.png,164.4450074244183
ants1013201.png,164.4450074244183
ants1013202.png,164.4450074244183
ants1013203.png,164.4450074244183
ants1013300.png,162.39520680211717
ants1013301.png,162.39520680211717
ants1013302.png,162.39520680211717
ants1013303.png,162.39520680211717
ants1013400.png,155.23394195102793
ants1013401.png,155.23394195102793
ants1013402.png,155.23394195102793
ants1013403.png,155.23394195102793
ants1013500.png,144.37987628796114
ants1013501.png,144.37987628796114
ants1013502.png,144.37987628796114
ants1013503.png,144.37987628796114
ants1013600.png,97.76766614334524
ants1013601.png,97.76766614334524
ants1013602.png,97.76766614334524
ants1013603.png,97.76766614334524
ants1013700.png,81.64677027764986
ants1013701.png,81.64677027764986
ants1013702.png,81.64677027764986
ants1013703.png,81.64677027764986
ants1013800.png,58.90950312903197
ants1013801.png,58.90950312903197
ants1013802.png,58.90950312903197
ants1013803.png,58.90950312903197
ants1013900.png,47.04431315577999
ants1013901.png,47.04431315577999
ants1013902.png,47.04431315577999
ants1013903.png,47.04431315577999
ants1014000.png,37.08241810858078
ants1014001.png,37.08241810858078
ants1014002.png,37.08241810858078
ants1014003.png,37.08241810858078
ants1014100.png,22.013752879070427
ants1014101.png,22.013752879070427
ants1014102.png,22.013752879070427
ants1014103.png,22.013752879070427
ants1014200.png,11.14653277412233
ants1014201.png,11.14653277412233
ants1014202.png,11.14653277412233
ants1014203.png,11.14653277412233
ants1014300.png,0.7689125115574329
ants1014301.png,0.7689125115574329
ants1014302.png,0.7689125115574329
ants1014303.png,0.7689125115574329
ants1014400.png,18.395443580150065
ants1014401.png,18.395443580150065
ants1014402.png,18.395443580150065
ants1014403.png,18.395443580150065
ants1014500.png,49.49621120317152
ants1014501.png,49.49621120317152
ants1014502.png,49.49621120317152
ants1014503.png,49.49621120317152
ants1014600.png,81.74551675941214
ants1014601.png,81.74551675941214
ants1014602.png,81.74551675941214
ants1014603.png,81.74551675941214
ants1014700.png,93.1643503527211
ants1014701.png,93.1643503527211
ants1014702.png,93.1643503527211
ants1014703.png,93.1643503527211
ants1014800.png,100.88487217090622
ants1014801.png,100.88487217090622
ants1014802.png,100.88487217090622
ants1014803.png,100.88487217090622
ants1014900.png,118.92055416285021
ants1014901.png,118.92055416285021
ants1014902.png,118.92055416285021
ants1014903.png,118.92055416285021
ants1015000.png,126.96252314051166
ants1015001.png,126.96252314051166
ants1015002.png,126.96252314051166
ants1015003.png,126.96252314051166
ants1015100.png,142.71871140187
ants1015101.png,142.71871140187
ants1015102.png,142.71871140187
ants1015103.png,142.71871140187
ants1015200.png,172.94931193006195
ants1015201.png,172.94931193006195
ants1015202.png,172.94931193006195
ants1015203.png,172.94931193006195
ants1015300.png,163.39007971899392
ants1015301.png,163.39007971899392
ants1015302.png,163.39007971899392
ants1015303.png,163.39007971899392
ants1015400.png,139.79163181039158
ants1015401.png,139.79163181039158
ants1015402.png,139.79163181039158
ants1015403.png,139.79163181039158
ants1015500.png,133.70731491957866
ants1015501.png,133.70731491957866
ants1015502.png,133.70731491957866
ants1015503.png,133.70731491957866
ants1015600.png,125.97335685103276
ants1015601.png,125.97335685103276
ants1015602.png,125.97335685103276
ants1015603.png,125.97335685103276
ants1015700.png,112.80281037218793
ants1015701.png,112.80281037218793
ants1015702.png,112.80281037218793
ants1015703.png,112.80281037218793
ants1015800.png,103.99109152150127
ants1015801.png,103.99109152150127
ants1015802.png,103.99109152150127
ants1015803.png,103.99109152150127
ants1015900.png,110.34462986190887
ants1015901.png,110.34462986190887
ants1015902.png,110.34462986190887
ants1015903.png,110.34462986190887
ants1016000.png,118.29790984548615
ants1016001.png,118.29790984548615
ants1016002.png,118.29790984548615
ants1016003.png,118.29790984548615
ants1016100.png,113.99800445536012
ants1016101.png,113.99800445536012
ants1016102.png,113.99800445536012
ants1016103.png,113.99800445536012
ants1016200.png,91.64444443660692
ants1016201.png,91.64444443660692
ants1016202.png,91.64444443660692
ants1016203.png,91.64444443660692
ants1016300.png,73.11999757603614
ants1016301.png,73.11999757603614
ants1016302.png,73.11999757603614
ants1016303.png,73.11999757603614
ants1016400.png,54.43435843429395
ants1016401.png,54.43435843429395
ants1016402.png,54.43435843429395
ants1016403.png,54.43435843429395
ants1016500.png,50.92002426821485
ants1016501.png,50.92002426821485
ants1016502.png,50.92002426821485
ants1016503.png,50.92002426821485
ants1016600.png,43.916890661283276
ants1016601.png,43.916890661283276
ants1016602.png,43.916890661283276
ants1016603.png,43.916890661283276
ants1016700.png,50.24428292246453
ants1016701.png,50.24428292246453
ants1016702.png,50.24428292246453
ants1016703.png,50.24428292246453
ants1016800.png,53.928569891927616
ants1016801.png,53.928569891927616
ants1016802.png,53.928569891927616
ants1016803.png,53.928569891927616
ants1016900.png,83.16366800652739
ants1016901.png,83.16366800652739
ants1016902.png,83.16366800652739
ants1016903.png,83.16366800652739
ants1017000.png,101.73520355344881
ants1017001.png,101.73520355344881
ants1017002.png,101.73520355344881
ants1017003.png,101.73520355344881
ants1017100.png,142.75840972750754
ants1017101.png,142.75840972750754
ants1017102.png,142.75840972750754
ants1017103.png,142.75840972750754
ants1017200.png,165.95367066759644
ants1017201.png,165.95367066759644
ants1017202.png,165.95367066759644
ants1017203.png,165.95367066759644
ants1017300.png,-171.6495483813977
ants1017301.png,-171.6495483813977
ants1017302.png,-171.6495483813977
ants1017303.png,-171.6495483813977
ants1017400.png,-154.52070409423206
ants1017401.png,-154.52070409423206
ants1017402.png,-154.52070409423206
ants1017403.png,-154.52070409423206
ants1017500.png,-159.5336515049213
ants1017501.png,-159.5336515049213
ants1017502.png,-159.5336515049213
ants1017503.png,-159.5336515049213
ants1017600.png,-158.48821880843238
ants1017601.png,-158.48821880843238
ants1017602.png,-158.48821880843238
ants1017603.png,-158.48821880843238
ants1017700.png,-159.6062082214458
ants1017701.png,-159.6062082214458
ants1017702.png,-159.6062082214458
ants1017703.png,-159.6062082214458
ants1017800.png,-157.52188205120007
ants1017801.png,-157.52188205120007
ants1017802.png,-157.52188205120007
ants1017803.png,-157.52188205120007
ants1017900.png,-134.20386080565638
ants1017901.png,-134.20386080565638
ants1017902.png,-134.20386080565638
ants1017903.png,-134.20386080565638
ants1018000.png,-116.3392561705619
ants1018001.png,-116.3392561705619
ants1018002.png,-116.3392561705619
ants1018003.png,-116.3392561705619
ants1018100.png,-93.69249094669013
ants1018101.png,-93.69249094669013
ants1018102.png,-93.69249094669013
ants1018103.png,-93.69249094669013
ants1018200.png,-92.28762935457804
ants1018201.png,-92.28762935457804
ants1018202.png,-92.28762935457804
ants1018203.png,-92.28762935457804
ants1018300.png,-87.27214032501581
ants1018301.png,-87.27214032501581
ants1018302.png,-87.27214032501581
ants1018303.png,-87.27214032501581
ants1018400.png,-88.36201973916205
ants1018401.png,-88.36201973916205
ants1018402.png,-88.36201973916205
ants1018403.png,-88.36201973916205
ants1018500.png,-99.5741268899084
ants1018501.png,-99.5741268899084
ants1018502.png,-99.5741268899084
ants1018503.png,-99.5741268899084
ants1018600.png,-116.38111069676398
ants1018601.png,-116.38111069676398
ants1018602.png,-116.38111069676398
ants1018603.png,-116.38111069676398
ants1018700.png,-136.87212707216327
ants1018701.png,-136.87212707216327
ants1018702.png,-136.87212707216327
ants1018703.png,-136.87212707216327
ants1018800.png,-158.80053864617412
ants1018801.png,-158.80053864617412
ants1018802.png,-158.80053864617412
ants1018803.png,-158.80053864617412
ants1018900.png,176.5670395148701
ants1018901.png,176.5670395148701
ants1018902.png,176.5670395148701
ants1018903.png,176.5670395148701
ants1019000.png,159.44790641787515
ants1019001.png,159.44790641787515
ants1019002.png,159.44790641787515
ants1019003.png,159.44790641787515
ants1019100.png,159.2931434754597
ants1019101.png,159.2931434754597
ants1019102.png,159.2931434754597
ants1019103.png,159.2931434754597
ants1019200.png,161.91639728530717
ants1019201.png,161.91639728530717
ants1019202.png,161.91639728530717
ants1019203.png,161.91639728530717
ants1019300.png,159.60951679937347
ants1019301.png,159.60951679937347
ants1019302.png,159.60951679937347
ants1019303.png,159.60951679937347
ants1019400.png,161.0426117401192
ants1019401.png,161.0426117401192
ants1019402.png,161.0426117401192
ants1019403.png,161.0426117401192
ants1019500.png,160.18566016109568
ants1019501.png,160.18566016109568
ants1019502.png,160.18566016109568
ants1019503.png,160.18566016109568
ants1019600.png,162.50524714148594
ants1019601.png,162.50524714148594
ants1019602.png,162.50524714148594
ants1019603.png,162.50524714148594
ants1019700.png,167.5151419980403
ants1019701.png,167.5151419980403
ants1019702.png,167.5151419980403
ants1019703.png,167.5151419980403
ants1019800.png,167.66587139886184
ants1019801.png,167.66587139886184
ants1019802.png,167.66587139886184
ants1019803.png,167.66587139886184
ants1019900.png,172.64918069945145
ants1019901.png,172.64918069945145
ants1019902.png,172.64918069945145
ants1019903.png,172.64918069945145
ants1020000.png,174.84906787987444
ants1020001.png,174.84906787987444
ants1020002.png,174.84906787987444
ants1020003.png,174.84906787987444
ants1020100.png,179.19409198344647
ants1020101.png,179.19409198344647
ants1020102.png,179.19409198344647
ants1020103.png,179.19409198344647
ants1020200.png,173.9851122522449
ants1020201.png,173.9851122522449
ants1020202.png,173.9851122522449
ants1020203.png,173.9851122522449
ants1020300.png,168.0601927622218
ants1020301.png,168.0601927622218
ants1020302.png,168.0601927622218
ants1020303.png,168.0601927622218
ants1020400.png,162.18967869927516
ants1020401.png,162.18967869927516
ants1020402.png,162.18967869927516
ants1020403.png,162.18967869927516
ants1020500.png,172.69361368278135
ants1020501.png,172.69361368278135
ants1020502.png,172.69361368278135
ants1020503.png,172.69361368278135
ants1020600.png,-175.69913042757844
ants1020601.png,-175.69913042757844
ants1020602.png,-175.69913042757844
ants1020603.png,-175.69913042757844
ants1020700.png,-168.45442635989554
ants1020701.png,-168.45442635989554
ants1020702.png,-168.45442635989554
ants1020703.png,-168.45442635989554
ants1020800.png,-168.47924721153763
ants1020801.png,-168.47924721153763
ants1020802.png,-168.47924721153763
ants1020803.png,-168.47924721153763
ants1020900.png,-172.41765090350935
ants1020901.png,-172.41765090350935
ants1020902.png,-172.41765090350935
ants1020903.png,-172.41765090350935
ants1021000.png,-175.1275776482754
ants1021001.png,-175.1275776482754
ants1021002.png,-175.1275776482754
ants1021003.png,-175.1275776482754
ants1021100.png,-174.1362189581605
ants1021101.png,-174.1362189581605
ants1021102.png,-174.1362189581605
ants1021103.png,-174.1362189581605
ants1021200.png,-172.9488089980697
ants1021201.png,-172.9488089980697
ants1021202.png,-172.9488089980697
ants1021203.png,-172.9488089980697
ants1021300.png,-161.87124172110862
ants1021301.png,-161.87124172110862
ants1021302.png,-161.87124172110862
ants1021303.png,-161.87124172110862
ants1021400.png,-171.61370879138246
ants1021401.png,-171.61370879138246
ants1021402.png,-171.61370879138246
ants1021403.png,-171.61370879138246
ants1021500.png,-114.26789747182742
ants1021501.png,-114.26789747182742
ants1021502.png,-114.26789747182742
ants1021503.png,-114.26789747182742
ants1021600.png,-91.35819600495165
ants1021601.png,-91.35819600495165
ants1021602.png,-91.35819600495165
ants1021603.png,-91.35819600495165
ants1021700.png,-90.99137544118922
ants1021701.png,-90.99137544118922
ants1021702.png,-90.99137544118922
ants1021703.png,-90.99137544118922
ants1021800.png,-90.76902468257803
ants1021801.png,-90.76902468257803
ants1021802.png,-90.76902468257803
ants1021803.png,-90.76902468257803
ants1021900.png,-93.9605983322761
ants1021901.png,-93.9605983322761
ants1021902.png,-93.9605983322761
ants1021903.png,-93.9605983322761
ants1022000.png,-95.66072138475324
ants1022001.png,-95.66072138475324
ants1022002.png,-95.66072138475324
ants1022003.png,-95.66072138475324
ants1022100.png,-108.47165697095602
ants1022101.png,-108.47165697095602
ants1022102.png,-108.47165697095602
ants1022103.png,-108.47165697095602
ants1022200.png,-108.2044226685521
ants1022201.png,-108.2044226685521
ants1022202.png,-108.2044226685521
ants1022203.png,-108.2044226685521
ants1022300.png,-105.82060828444078
ants1022301.png,-105.82060828444078
ants1022302.png,-105.82060828444078
ants1022303.png,-105.82060828444078
ants1022400.png,-95.68735014015796
ants1022401.png,-95.68735014015796
ants1022402.png,-95.68735014015796
ants1022403.png,-95.68735014015796
ants1022500.png,-73.87919821701878
ants1022501.png,-73.87919821701878
ants1022502.png,-73.87919821701878
ants1022503.png,-73.87919821701878
ants1022600.png,-71.33029031880749
ants1022601.png,-71.33029031880749
ants1022602.png,-71.33029031880749
ants1022603.png,-71.33029031880749
ants1022700.png,-66.39514464327837
ants1022701.png,-66.39514464327837
ants1022702.png,-66.39514464327837
ants1022703.png,-66.39514464327837
ants1022800.png,-55.67605178327014
ants1022801.png,-55.67605178327014
ants1022802.png,-55.67605178327014
ants1022803.png,-55.67605178327014
ants1022900.png,-48.81810963467753
ants1022901.png,-48.81810963467753
ants1022902.png,-48.81810963467753
ants1022903.png,-48.81810963467753
ants1023000.png,-73.54568748683036
ants1023001.png,-73.54568748683036
ants1023002.png,-73.54568748683036
ants1023003.png,-73.54568748683036
ants1023100.png,-82.44641072631094
ants1023101.png,-82.44641072631094
ants1023102.png,-82.44641072631094
ants1023103.png,-82.44641072631094
ants1023200.png,-85.15365972040176
ants1023201.png,-85.15365972040176
ants1023202.png,-85.15365972040176
ants1023203.png,-85.15365972040176
ants1023300.png,-76.06464817546593
ants1023301.png,-76.06464817546593
ants1023302.png,-76.06464817546593
ants1023303.png,-76.06464817546593
ants1023400.png,-76.55526610002902
ants1023401.png,-76.55526610002902
ants1023402.png,-76.55526610002902
ants1023403.png,-76.55526610002902
ants1023500.png,-95.31494860660246
ants1023501.png,-95.31494860660246
ants1023502.png,-95.31494860660246
ants1023503.png,-95.31494860660246
ants1023600.png,-107.1033698757786
ants1023601.png,-107.1033698757786
ants1023602.png,-107.1033698757786
ants1023603.png,-107.1033698757786
ants1023700.png,-116.57641262438361
ants1023701.png,-116.57641262438361
ants1023702.png,-116.57641262438361
ants1023703.png,-116.57641262438361
ants1023800.png,-104.37849115531334
ants1023801.png,-104.37849115531334
ants1023802.png,-104.37849115531334
ants1023803.png,-104.37849115531334
ants1023900.png,-95.7265111913203
ants1023901.png,-95.7265111913203
ants1023902.png,-95.7265111913203
ants1023903.png,-95.7265111913203
ants1024000.png,-95.8533361708522
ants1024001.png,-95.8533361708522
ants1024002.png,-95.8533361708522
ants1024003.png,-95.8533361708522
ants1024100.png,-105.17936278399519
ants1024101.png,-105.17936278399519
ants1024102.png,-105.17936278399519
ants1024103.png,-105.17936278399519
ants1024200.png,-106.02982782948067
ants1024201.png,-106.02982782948067
ants1024202.png,-106.02982782948067
ants1024203.png,-106.02982782948067
ants1024300.png,-111.5039817191687
ants1024301.png,-111.5039817191687
ants1024302.png,-111.5039817191687
ants1024303.png,-111.5039817191687
ants1024400.png,-136.95900513230012
ants1024401.png,-136.95900513230012
ants1024402.png,-136.95900513230012
ants1024403.png,-136.95900513230012
ants1024500.png,-142.29658241974596
ants1024501.png,-142.29658241974596
ants1024502.png,-142.29658241974596
ants1024503.png,-142.29658241974596
ants1024600.png,-136.4012342501635
ants1024601.png,-136.4012342501635
ants1024602.png,-136.4012342501635
ants1024603.png,-136.4012342501635
ants1024700.png,-133.36954023575893
ants1024701.png,-133.36954023575893
ants1024702.png,-133.36954023575893
ants1024703.png,-133.36954023575893
ants1024800.png,-124.28912129301648
ants1024801.png,-124.28912129301648
ants1024802.png,-124.28912129301648
ants1024803.png,-124.28912129301648
ants1024900.png,-113.55981088455228
ants1024901.png,-113.55981088455228
ants1024902.png,-113.55981088455228
ants1024903.png,-113.55981088455228
ants1025000.png,-118.87721835154493
ants1025001.png,-118.87721835154493
ants1025002.png,-118.87721835154493
ants1025003.png,-118.87721835154493
ants1025100.png,-117.12717746503895
ants1025101.png,-117.12717746503895
ants1025102.png,-117.12717746503895
ants1025103.png,-117.12717746503895
ants1025200.png,-120.12683358761026
ants1025201.png,-120.12683358761026
ants1025202.png,-120.12683358761026
ants1025203.png,-120.12683358761026
ants1025300.png,-116.74798488766154
ants1025301.png,-116.74798488766154
ants1025302.png,-116.74798488766154
ants1025303.png,-116.74798488766154
ants1025400.png,-113.74271042393711
ants1025401.png,-113.74271042393711
ants1025402.png,-113.74271042393711
ants1025403.png,-113.74271042393711
ants1025500.png,-114.47429408365088
ants1025501.png,-114.47429408365088
ants1025502.png,-114.47429408365088
ants1025503.png,-114.47429408365088
ants1025600.png,-116.6886381952871
ants1025601.png,-116.6886381952871
ants1025602.png,-116.6886381952871
ants1025603.png,-116.6886381952871
ants1025700.png,-112.85424935298778
ants1025701.png,-112.85424935298778
ants1025702.png,-112.85424935298778
ants1025703.png,-112.85424935298778
ants1025800.png,-112.0566368872116
ants1025801.png,-112.0566368872116
ants1025802.png,-112.0566368872116
ants1025803.png,-112.0566368872116
ants1025900.png,-114.74286193336914
ants1025901.png,-114.74286193336914
ants1025902.png,-114.74286193336914
ants1025903.png,-114.74286193336914
ants1026000.png,-112.85455212624123
ants1026001.png,-112.85455212624123
ants1026002.png,-112.85455212624123
ants1026003.png,-112.85455212624123
ants1026100.png,-109.89352276309897
ants1026101.png,-109.89352276309897
ants1026102.png,-109.89352276309897
ants1026103.png,-109.89352276309897
ants1026200.png,-111.54506519971142
ants1026201.png,-111.54506519971142
ants1026202.png,-111.54506519971142
ants1026203.png,-111.54506519971142
ants1026300.png,-103.9093099248703
ants1026301.png,-103.9093099248703
ants1026302.png,-103.9093099248703
ants1026303.png,-103.9093099248703
ants1026400.png,-91.5277542108023
ants1026401.png,-91.5277542108023
ants1026402.png,-91.5277542108023
ants1026403.png,-91.5277542108023
ants1026500.png,-84.68564367061747
ants1026501.png,-84.68564367061747
ants1026502.png,-84.68564367061747
ants1026503.png,-84.68564367061747
ants1026600.png,-73.49067189914567
ants1026601.png,-73.49067189914567
ants1026602.png,-73.49067189914567
ants1026603.png,-73.49067189914567
ants1026700.png,-65.85445803957835
ants1026701.png,-65.85445803957835
ants1026702.png,-65.85445803957835
ants1026703.png,-65.85445803957835
ants1026800.png,-62.60356245757183
ants1026801.png,-62.60356245757183
ants1026802.png,-62.60356245757183
ants1026803.png,-62.60356245757183
ants1026900.png,-51.35976933672635
ants1026901.png,-51.35976933672635
ants1026902.png,-51.35976933672635
ants1026903.png,-51.35976933672635
ants1027000.png,-21.500964050485248
ants1027001.png,-21.500964050485248
ants1027002.png,-21.500964050485248
ants1027003.png,-21.500964050485248
ants1027100.png,-22.992564771215868
ants1027101.png,-22.992564771215868
ants1027102.png,-22.992564771215868
ants1027103.png,-22.992564771215868
ants1027200.png,-15.869384795711836
ants1027201.png,-15.869384795711836
ants1027202.png,-15.869384795711836
ants1027203.png,-15.869384795711836
ants1027300.png,-10.054211749629744
ants1027301.png,-10.054211749629744
ants1027302.png,-10.054211749629744
ants1027303.png,-10.054211749629744
ants1027400.png,-8.223367241147107
ants1027401.png,-8.223367241147107
ants1027402.png,-8.223367241147107
ants1027403.png,-8.223367241147107
ants1027500.png,-10.885859048212614
ants1027501.png,-10.885859048212614
ants1027502.png,-10.885859048212614
ants1027503.png,-10.885859048212614
ants1027600.png,-12.990716289550228
ants1027601.png,-12.990716289550228
ants1027602.png,-12.990716289550228
ants1027603.png,-12.990716289550228
ants1027700.png,-35.938621418781544
ants1027701.png,-35.938621418781544
ants1027702.png,-35.938621418781544
ants1027703.png,-35.938621418781544
ants1027800.png,-32.82785672200963
ants1027801.png,-32.82785672200963
ants1027802.png,-32.82785672200963
ants1027803.png,-32.82785672200963
ants1027900.png,-38.5219108645938
ants1027901.png,-38.5219108645938
ants1027902.png,-38.5219108645938
ants1027903.png,-38.5219108645938
ants1028000.png,-41.75786245303834
ants1028001.png,-41.75786245303834
ants1028002.png,-41.75786245303834
ants1028003.png,-41.75786245303834
ants1028100.png,-44.82197419574885
ants1028101.png,-44.82197419574885
ants1028102.png,-44.82197419574885
ants1028103.png,-44.82197419574885
ants1028200.png,-38.44418832420434
ants1028201.png,-38.44418832420434
ants1028202.png,-38.44418832420434
ants1028203.png,-38.44418832420434
ants1028300.png,-35.73402213322033
ants1028301.png,-35.73402213322033
ants1028302.png,-35.73402213322033
ants1028303.png,-35.73402213322033
ants1028400.png,-28.684320589250248
ants1028401.png,-28.684320589250248
ants1028402.png,-28.684320589250248
ants1028403.png,-28.684320589250248
ants1028500.png,-27.190721246325182
ants1028501.png,-27.190721246325182
ants1028502.png,-27.190721246325182
ants1028503.png,-27.190721246325182
ants1028600.png,-40.53572061189528
ants1028601.png,-40.53572061189528
ants1028602.png,-40.53572061189528
ants1028603.png,-40.53572061189528
ants1028700.png,-34.82271174449241
ants1028701.png,-34.82271174449241
ants1028702.png,-34.82271174449241
ants1028703.png,-34.82271174449241
ants1028800.png,-43.01756421601028
ants1028801.png,-43.01756421601028
ants1028802.png,-43.01756421601028
ants1028803.png,-43.01756421601028
ants1028900.png,-33.45767869885785
ants1028901.png,-33.45767869885785
ants1028902.png,-33.45767869885785
ants1028903.png,-33.45767869885785
ants1029000.png,-15.304984468981731
ants1029001.png,-15.304984468981731
ants1029002.png,-15.304984468981731
ants1029003.png,-15.304984468981731
ants1029100.png,-1.3237167736455906
ants1029101.png,-1.3237167736455906
ants1029102.png,-1.3237167736455906
ants1029103.png,-1.3237167736455906
ants1029200.png,-0.06230702167053118
ants1029201.png,-0.06230702167053118
ants1029202.png,-0.06230702167053118
ants1029203.png,-0.06230702167053118
ants1029300.png,-0.03588836330727231
ants1029301.png,-0.03588836330727231
ants1029302.png,-0.03588836330727231
ants1029303.png,-0.03588836330727231
ants1029400.png,46.46749248702737
ants1029401.png,46.46749248702737
ants1029402.png,46.46749248702737
ants1029403.png,46.46749248702737
ants1029500.png,49.198460870620565
ants1029501.png,49.198460870620565
ants1029502.png,49.198460870620565
ants1029503.png,49.198460870620565
ants1029600.png,55.51502160912144
ants1029601.png,55.51502160912144
ants1029602.png,55.51502160912144
ants1029603.png,55.51502160912144
ants1029700.png,60.81948216579508
ants1029701.png,60.81948216579508
ants1029702.png,60.81948216579508
ants1029703.png,60.81948216579508
ants1029800.png,60.071579285097854
ants1029801.png,60.071579285097854
ants1029802.png,60.071579285097854
ants1029803.png,60.071579285097854
ants1029900.png,40.10295511597012
ants1029901.png,40.10295511597012
ants1029902.png,40.10295511597012
ants1029903.png,40.10295511597012
ants1030000.png,22.382392017534684
ants1030001.png,22.382392017534684
ants1030002.png,22.382392017534684
ants1030003.png,22.382392017534684
ants1030100.png,26.9832611185751
ants1030101.png,26.9832611185751
ants1030102.png,26.9832611185751
ants1030103.png,26.9832611185751
ants1030200.png,7.170479949905442
ants1030201.png,7.170479949905442
ants1030202.png,7.170479949905442
ants1030203.png,7.170479949905442
ants1030300.png,-3.467977859093885
ants1030301.png,-3.467977859093885
ants1030302.png,-3.467977859093885
ants1030303.png,-3.467977859093885
ants1030400.png,-21.16816958277567
ants1030401.png,-21.16816958277567
ants1030402.png,-21.16816958277567
ants1030403.png,-21.16816958277567
ants1030500.png,-37.47735765299013
ants1030501.png,-37.47735765299013
ants1030502.png,-37.47735765299013
ants1030503.png,-37.47735765299013
ants1030600.png,-71.463051083939
ants1030601.png,-71.463051083939
ants1030602.png,-71.463051083939
ants1030603.png,-71.463051083939
ants1030700.png,-86.64491824627198
ants1030701.png,-86.64491824627198
ants1030702.png,-86.64491824627198
ants1030703.png,-86.64491824627198
ants1030800.png,-91.9235128308924
ants1030801.png,-91.9235128308924
ants1030802.png,-91.9235128308924
ants1030803.png,-91.9235128308924
ants1030900.png,-108.70644128111232
ants1030901.png,-108.70644128111232
ants1030902.png,-108.70644128111232
ants1030903.png,-108.70644128111232
ants1031000.png,-128.73636195627347
ants1031001.png,-128.73636195627347
ants1031002.png,-128.73636195627347
ants1031003.png,-128.73636195627347
ants1031100.png,-136.5545203618627
ants1031101.png,-136.5545203618627
ants1031102.png,-136.5545203618627
ants1031103.png,-136.5545203618627
ants1031200.png,-143.45843173642393
ants1031201.png,-143.45843173642393
ants1031202.png,-143.45843173642393
ants1031203.png,-143.45843173642393
ants1031300.png,-135.25858654640416
ants1031301.png,-135.25858654640416
ants1031302.png,-135.25858654640416
ants1031303.png,-135.25858654640416
ants1031400.png,-162.66727415497206
ants1031401.png,-162.66727415497206
ants1031402.png,-162.66727415497206
ants1031403.png,-162.66727415497206
ants1031500.png,179.3634064240365
ants1031501.png,179.3634064240365
ants1031502.png,179.3634064240365
ants1031503.png,179.3634064240365
ants1031600.png,177.64873510728296
ants1031601.png,177.64873510728296
ants1031602.png,177.64873510728296
ants1031603.png,177.64873510728296
ants1031700.png,176.09722430728377
ants1031701.png,176.09722430728377
ants1031702.png,176.09722430728377
ants1031703.png,176.09722430728377
ants1031800.png,172.79552255874714
ants1031801.png,172.79552255874714
ants1031802.png,172.79552255874714
ants1031803.png,172.79552255874714
ants1031900.png,172.76349426491583
ants1031901.png,172.76349426491583
ants1031902.png,172.76349426491583
ants1031903.png,172.76349426491583
ants1032000.png,139.75058684621206
ants1032001.png,139.75058684621206
ants1032002.png,139.75058684621206
ants1032003.png,139.75058684621206
ants1032100.png,123.41268291762785
ants1032101.png,123.41268291762785
ants1032102.png,123.41268291762785
ants1032103.png,123.41268291762785
ants1032200.png,114.79997618908537
ants1032201.png,114.79997618908537
ants1032202.png,114.79997618908537
ants1032203.png,114.79997618908537
ants1032300.png,137.48851637272315
ants1032301.png,137.48851637272315
ants1032302.png,137.48851637272315
ants1032303.png,137.48851637272315
ants1032400.png,140.59933933652064
ants1032401.png,140.59933933652064
ants1032402.png,140.59933933652064
ants1032403.png,140.59933933652064
